{
  "@id": "organisation-metadata.json",
  "@context": { "http://www.w3.org/ns/csvw": { "@language": "en" } },
  "columns": [{
    "name": "organisation_path",
    "titles": [ "organisation_path" ],
    "dc:title": "Organisation Path",
    "schema:description": "A sequence of colon separated Organisation Keys that fully specifies the Provider Organisation providing a service to the client.",
    "schema:disambiguatingDescription": "type/organisation_path.rst",
    "schema:dateCreated": "2021-05-18",
    "datatype": {
      "base": "string"
    },
    "required": true
  },{
    "name": "instrument_key",
    "titles": [ "instrument_key" ],
    "dc:title": "Instrument Key",
    "schema:description": "A sequence of characters which uniquely identifies the survey instrument to the Primary Health Network. Assigned by the Primary Health Network.",
    "schema:disambiguatingDescription": "type/key.rst",
    "schema:dateCreated": "2021-05-18",
    "datatype": {
      "base": "string",
      "minLength": 2,
      "maxLength": 50
    },
    "required": true
  },{
    "name": "survey_key",
    "titles": [ "survey_key" ],
    "dc:title": "Survey Key",
    "schema:description": "A sequence of characters which uniquely identifies the survey to the Primary Health Network. Assigned by the Primary Health Network.",
    "schema:disambiguatingDescription": "type/key.rst",
    "schema:dateCreated": "2021-05-18",
    "datatype": {
      "base": "string",
      "minLength": 2,
      "maxLength": 50
    },
    "required": true
  }, {
    "name": "yes_phn_item1",
    "titles": [ "yes_phn_item1" ],
    "dc:title": "YES PHN Question 1",
    "schema:description": "You felt welcome using this service.",
    "schema:dateCreated": "2021-05-18",
    "datatype": {
      "base": "string"
    },
    "required": true
  }, {
    "name": "yes_phn_item2",
    "titles": [ "yes_phn_item2" ],
    "dc:title": "YES PHN Question 2",
    "schema:description": "You felt safe using this service.",
    "schema:dateCreated": "2021-05-18",
    "datatype": {
      "base": "string"
    },
    "required": true
  }, {
    "name": "yes_phn_item3",
    "titles": [ "yes_phn_item3" ],
    "dc:title": "YES PHN Question 3",
    "schema:description": "You had access to this service when you needed.",
    "schema:dateCreated": "2021-05-18",
    "datatype": {
      "base": "string"
    },
    "required": true
  }, {
    "name": "yes_phn_item4",
    "titles": [ "yes_phn_item4" ],
    "dc:title": "YES PHN Question 4",
    "schema:description": "You had opportunities for your family and friends to be involved in your support or care if you wanted.",
    "schema:dateCreated": "2021-05-18",
    "datatype": {
      "base": "string"
    },
    "required": true
  }, {
    "name": "yes_phn_item5",
    "titles": [ "yes_phn_item5" ],
    "dc:title": "YES PHN Question 5",
    "schema:description": "Staff were able to provide information or advice to help you manage your physical health if you wanted.",
    "schema:dateCreated": "2021-05-18",
    "datatype": {
      "base": "string"
    },
    "required": true
  }, {
    "name": "yes_phn_item6",
    "titles": [ "yes_phn_item6" ],
    "dc:title": "YES PHN Question 6",
    "schema:description": "Your individuality and values were respected (such as your culture, faith or gender identity, etc.)",
    "schema:dateCreated": "2021-05-18",
    "datatype": {
      "base": "string"
    },
    "required": true
  }, {
    "name": "yes_phn_item7",
    "titles": [ "yes_phn_item7" ],
    "dc:title": "YES PHN Question 7",
    "schema:description": "This service listened to and followed up on feedback or complaints.",
    "schema:dateCreated": "2021-05-18",
    "datatype": {
      "base": "string"
    },
    "required": true
  }, {
    "name": "yes_phn_item8",
    "titles": [ "yes_phn_item8" ],
    "dc:title": "YES PHN Question 8",
    "schema:description": "The service respected your right to make decisions.",
    "schema:dateCreated": "2021-05-18",
    "datatype": {
      "base": "string"
    },
    "required": true
  }, {
    "name": "yes_phn_item9",
    "titles": [ "yes_phn_item9" ],
    "dc:title": "YES PHN Question 9",
    "schema:description": "The support or care available met your needs.",
    "schema:dateCreated": "2021-05-18",
    "datatype": {
      "base": "string"
    },
    "required": true
  }, {
    "name": "yes_phn_item10",
    "titles": [ "yes_phn_item10" ],
    "dc:title": "YES PHN Question 10",
    "schema:description": "Access to a peer worker/ lived experience worker, if you wanted.",
    "schema:dateCreated": "2021-05-18",
    "datatype": {
      "base": "string"
    },
    "required": true
  }, {
    "name": "yes_phn_item11",
    "titles": [ "yes_phn_item11" ],
    "dc:title": "YES PHN Question 11",
    "schema:description": "The support or care available met your needs.",
    "schema:dateCreated": "2021-05-18",
    "datatype": {
      "base": "string"
    },
    "required": true
  }, {
    "name": "yes_phn_item12",
    "titles": [ "yes_phn_item12" ],
    "dc:title": "YES PHN Question 12",
    "schema:description": "Development of a plan with you that considered all of your needs (including support, coordination and follow up).",
    "schema:dateCreated": "2021-05-18",
    "datatype": {
      "base": "string"
    },
    "required": true
  }, {
    "name": "yes_phn_item13",
    "titles": [ "yes_phn_item13" ],
    "dc:title": "YES PHN Question 13",
    "schema:description": "The effect of this service on your hopefulness for the future.",
    "schema:dateCreated": "2021-05-18",
    "datatype": {
      "base": "string"
    },
    "required": true
  }, {
    "name": "yes_phn_item14",
    "titles": [ "yes_phn_item14" ],
    "dc:title": "YES PHN Question 14",
    "schema:description": "The effect of this service on your skills and strategies to look after your own health and wellbeing.",
    "schema:dateCreated": "2021-05-18",
    "datatype": {
      "base": "string"
    },
    "required": true
  }, {
    "name": "yes_phn_item15",
    "titles": [ "yes_phn_item15" ],
    "dc:title": "YES PHN Question 15",
    "schema:description": "The effect of this service on your ability to manage your day to day life.",
    "schema:dateCreated": "2021-05-18",
    "datatype": {
      "base": "string"
    },
    "required": true
  }, {
    "name": "yes_phn_item16",
    "titles": [ "yes_phn_item16" ],
    "dc:title": "YES PHN Question 16",
    "schema:description": "Overall, how would you rate your experience with this service in the last 3 months?",
    "schema:dateCreated": "2021-05-18",
    "datatype": {
      "base": "string"
    },
    "required": true
  }, {
    "name": "yes_phn_item17",
    "titles": [ "yes_phn_item17" ],
    "dc:title": "YES PHN Question 17",
    "schema:description": "My experience would have been better if … (write in).",
    "schema:disambiguatingDescription": "table/instrument/yes_phn/yes_phn_item17.rst",
    "schema:dateCreated": "2021-05-18",
    "datatype": {
      "base": "string"
    },
    "required": false
  }, {
    "name": "yes_phn_item18",
    "titles": [ "yes_phn_item18" ],
    "dc:title": "YES PHN Question 18",
    "schema:description": "The best things about this service were … (write in.)",
    "schema:disambiguatingDescription": "table/instrument/yes_phn/yes_phn_item18.rst",
    "schema:dateCreated": "2021-05-18",
    "datatype": {
      "base": "string"
    },
    "required": false
  }, {
    "name": "yes_phn_item19",
    "titles": [ "yes_phn_item19" ],
    "dc:title": "YES PHN Question 19",
    "schema:description": "What is your gender identity?",
    "schema:dateCreated": "2021-05-18",
    "null": "99",
    "datatype": {
      "base": "string"
    },
    "required": true
  }, {
    "name": "yes_phn_item19_other",
    "titles": [ "yes_phn_item19_other" ],
    "dc:title": "YES PHN Question 19 Other",
    "schema:description": "What is your gender identity (other)?",
    "schema:disambiguatingDescription": "table/instrument/yes_phn/yes_phn_item19_other.rst",
    "schema:dateCreated": "2021-05-18",
    "datatype": {
      "base": "string"
    },
    "required": false
  }, {
    "name": "yes_phn_item20",
    "titles": [ "yes_phn_item20" ],
    "dc:title": "YES PHN Question 20",
    "schema:description": "What is the main language you speak at home?",
    "schema:dateCreated": "2021-05-18",
    "datatype": {
      "base": "string"
    },
    "required": true
  }, {
    "name": "yes_phn_item20_other",
    "titles": [ "yes_phn_item20_other" ],
    "dc:title": "YES PHN Question 20 Other",
    "schema:description": "What is the main language you speak at home (other)?",
    "schema:disambiguatingDescription": "table/instrument/yes_phn/yes_phn_item20_other.rst",
    "schema:dateCreated": "2021-05-18",
    "datatype": {
      "base": "string"
    },
    "required": false
  }, {
    "name": "yes_phn_item21",
    "titles": [ "yes_phn_item21" ],
    "dc:title": "YES PHN Question 21",
    "schema:description": "Are you of Aboriginal or Torres Strait Island origin?",
    "schema:dateCreated": "2021-05-18",
    "datatype": {
      "base": "string"
    },
    "required": true
  }, {
    "name": "yes_phn_item22",
    "titles": [ "yes_phn_item22" ],
    "dc:title": "YES PHN Question 22",
    "schema:description": "What is your age?",
    "schema:dateCreated": "2021-05-18",
    "datatype": {
      "base": "string"
    },
    "required": true
  }, {
    "name": "yes_phn_item23",
    "titles": [ "yes_phn_item23" ],
    "dc:title": "YES PHN Question 23",
    "schema:description": "How long have you been receiving support or care from this service?",
    "schema:dateCreated": "2021-05-18",
    "datatype": {
      "base": "string"
    },
    "required": true
  }, {
    "name": "yes_phn_item24",
    "titles": [ "yes_phn_item24" ],
    "dc:title": "YES PHN Question 24",
    "schema:description": "Who referred you to this service?",
    "schema:dateCreated": "2021-05-18",
    "datatype": {
      "base": "string"
    },
    "required": true
  }, {
    "name": "yes_phn_item24_other",
    "titles": [ "yes_phn_item24_other" ],
    "dc:title": "YES PHN Question 24 Other",
    "schema:description": "Who referred you to this service (other)?",
    "schema:disambiguatingDescription": "table/instrument/yes_phn/yes_phn_item24_other.rst",
    "schema:dateCreated": "2021-05-18",
    "datatype": {
      "base": "string"
    },
    "required": false
  }, {
    "name": "yes_phn_item25",
    "titles": [ "yes_phn_item25" ],
    "dc:title": "YES PHN Question 25",
    "schema:description": "How involved were you in choosing this service?",
    "schema:dateCreated": "2021-05-18",
    "datatype": {
      "base": "string"
    },
    "required": true
  }, {
    "name": "yes_phn_item26",
    "titles": [ "yes_phn_item26" ],
    "dc:title": "YES PHN Question 26",
    "schema:description": "Did someone help you complete this survey?",
    "schema:dateCreated": "2021-05-18",
    "datatype": {
      "base": "string"
    },
    "required": true
  }, {
    "name": "yes_phn_experience_scale",
    "titles": [ "yes_phn_experience_scale" ],
    "dc:title" : "YES PHN Experience Scale",
    "schema:disambiguatingDescription": "table/instrument/yes_phn/yes-phn-experience-scale.rst",
    "schema:dateCreated": "2021-05-18",
    "null": "99",
    "datatype": {
      "base": "integer",
      "minimum": 0,
      "maximum": 60
    },
    "required": false
  }, {
    "name": "yes_phn_outcome_scale",
    "titles": [ "yes_phn_outcome_scale" ],
    "dc:title" : "YES PHN Outcome Scale",
    "schema:disambiguatingDescription": "table/instrument/yes_phn/yes-phn-outcome-scale.rst",
    "schema:dateCreated": "2021-05-18",
    "null": "99",
    "datatype": {
      "base": "integer",
      "minimum": 0,
      "maximum": 15
    },
    "required": false
  }, {
    "name": "yes_phn_tags",
    "titles": [ "yes_phn_tags" ],
    "dc:title" : "YES PHN Tags",
    "schema:description": "List of tags for the instrument.",
    "schema:disambiguatingDescription": "type/tags.rst",
    "schema:dateCreated": "2021-05-18",
    "datatype": {
      "base": "string"
    }
  }],
  "primaryKey": [ "organisation_path", "instrument_key" ],
  "foreignKeys": [{
    "columnReference": [ "organisation_path", "survey_key" ],
    "reference": {
      "resource": "data/surveys.csv",
      "columnReference": [ "organisation_path", "survey_key" ]
    }
  }, {
    "columnReference": "yes_phn_item1",
    "reference": {
      "resource": "table/instrument/yes_phn/how-often.csv",
      "columnReference": "id"
    }
  }, {
    "columnReference": "yes_phn_item2",
    "reference": {
      "resource": "table/instrument/yes_phn/how-often.csv",
      "columnReference": "id"
    }
  }, {
    "columnReference": "yes_phn_item3",
    "reference": {
      "resource": "table/instrument/yes_phn/how-often.csv",
      "columnReference": "id"
    }
  }, {
    "columnReference": "yes_phn_item4",
    "reference": {
      "resource": "table/instrument/yes_phn/how-often-na.csv",
      "columnReference": "id"
    }
  }, {
    "columnReference": "yes_phn_item5",
    "reference": {
      "resource": "table/instrument/yes_phn/how-often.csv",
      "columnReference": "id"
    }
  }, {
    "columnReference": "yes_phn_item6",
    "reference": {
      "resource": "table/instrument/yes_phn/how-often.csv",
      "columnReference": "id"
    }
  }, {
    "columnReference": "yes_phn_item7",
    "reference": {
      "resource": "table/instrument/yes_phn/how-often.csv",
      "columnReference": "id"
    }
  }, {
    "columnReference": "yes_phn_item8",
    "reference": {
      "resource": "table/instrument/yes_phn/how-often.csv",
      "columnReference": "id"
    }
  }, {
    "columnReference": "yes_phn_item9",
    "reference": {
      "resource": "table/instrument/yes_phn/how-often.csv",
      "columnReference": "id"
    }
  }, {
    "columnReference": "yes_phn_item10",
    "reference": {
      "resource": "table/instrument/yes_phn/how-well-na.csv",
      "columnReference": "id"
    }
  }, {
    "columnReference": "yes_phn_item11",
    "reference": {
      "resource": "table/instrument/yes_phn/how-well.csv",
      "columnReference": "id"
    }
  }, {
    "columnReference": "yes_phn_item12",
    "reference": {
      "resource": "table/instrument/yes_phn/how-well-na.csv",
      "columnReference": "id"
    }
  }, {
    "columnReference": "yes_phn_item13",
    "reference": {
      "resource": "table/instrument/yes_phn/how-well.csv",
      "columnReference": "id"
    }
  }, {
    "columnReference": "yes_phn_item14",
    "reference": {
      "resource": "table/instrument/yes_phn/how-well.csv",
      "columnReference": "id"
    }
  }, {
    "columnReference": "yes_phn_item15",
    "reference": {
      "resource": "table/instrument/yes_phn/how-well.csv",
      "columnReference": "id"
    }
  }, {
    "columnReference": "yes_phn_item16",
    "reference": {
      "resource": "table/instrument/yes_phn/how-well.csv",
      "columnReference": "id"
    }
  }, {
    "columnReference": "yes_phn_item19",
    "reference": {
      "resource": "table/instrument/yes_phn/gender-identity.csv",
      "columnReference": "id"
    }
  }, {
    "columnReference": "yes_phn_item20",
    "reference": {
      "resource": "table/instrument/yes_phn/main-language.csv",
      "columnReference": "id"
    }
  }, {
    "columnReference": "yes_phn_item21",
    "reference": {
      "resource": "table/instrument/yes_phn/atsi-status.csv",
      "columnReference": "id"
    }
  }, {
    "columnReference": "yes_phn_item22",
    "reference": {
      "resource": "table/instrument/yes_phn/age-group.csv",
      "columnReference": "id"
    }
  }, {
    "columnReference": "yes_phn_item23",
    "reference": {
      "resource": "table/instrument/yes_phn/service-length.csv",
      "columnReference": "id"
    }
  }, {
    "columnReference": "yes_phn_item24",
    "reference": {
      "resource": "table/instrument/yes_phn/referral.csv",
      "columnReference": "id"
    }
  }, {
    "columnReference": "yes_phn_item25",
    "reference": {
      "resource": "table/instrument/yes_phn/involvement.csv",
      "columnReference": "id"
    }
  }, {
    "columnReference": "yes_phn_item26",
    "reference": {
      "resource": "table/instrument/yes_phn/completion-help.csv",
      "columnReference": "id"
    }
  }]
}
