{
  "@id": "organisation-metadata.json",
  "@context": { "http://www.w3.org/ns/csvw": { "@language": "en" } },
  "columns": [{
    "name": "organisation_path",
    "titles": [ "organisation_path" ],
    "dc:title": "Organisation Path",
    "schema:description": "A sequence of colon separated Organisation Keys that fully specifies the Provider Organisation providing a service to the client.",
    "schema:disambiguatingDescription": "type/organisation_path.rst",
    "schema:dateCreated": "2021-05-18",
    "datatype": {
      "base": "string"
    },
    "required": true
  },{
    "name": "organisation_key",
    "titles": [ "organisation_key" ],
    "dc:title": "Organisation Key",
    "schema:description": "A sequence of characters which uniquely identifies the provider organisation to the Primary Health Network. Assigned by the Primary Health Network.",
    "schema:disambiguatingDescription": "table/organisation/key.rst",
    "schema:dateCreated": "2021-05-18",
    "datatype": {
      "base": "string",
      "minLength": 2,
      "maxLength": 50
    },
    "required": true
  },{
    "name": "organisation_name",
    "titles": [ "organisation_name" ],
    "dc:title" : "Name",
    "schema:description": "The name of the provider organisation.",
    "schema:dateCreated": "2021-05-18",
    "datatype": {
      "base": "string",
      "minLength": 2,
      "maxLength": 100
    },
    "required": true
  },{
    "name": "organisation_legal_name",
    "titles": [ "organisation_legal_name" ],
    "dc:title" : "Legal Name",
    "schema:description": "The legal name of the provider organisation.",
    "schema:dateCreated": "2021-05-18",
    "datatype": {
      "base": "string"
    },
    "required": false
  },{
    "name": "organisation_abn",
    "titles": [ "organisation_abn" ],
    "dc:title" : "ABN",
    "schema:description": "The Australian Business Number of the provider organisation.",
    "schema:dateCreated": "2021-05-18",
    "datatype": {
      "base": "string",
      "length": 11
    },
    "required": true
  },{
     "name": "organisation_type",
    "titles": [ "organisation_type" ],
    "dc:title" : "Organisation Type",
    "schema:description": "The category that best describes the provider organisation.",
    "schema:disambiguatingDescription": "table/organisation/type.rst",
    "schema:dateCreated": "2021-05-18",
    "datatype": {
      "base": "string"
    },
    "required": true
  },{
    "name": "organisation_state",
    "titles": [ "organisation_state" ],
    "dc:title" : "State",
    "schema:description": "The state that the provider organisation operates in.",
    "schema:disambiguatingDescription": "table/organisation/state.rst",
    "schema:meteorItem": "613718",
    "schema:dateCreated": "2021-05-18",
    "datatype": {
      "base": "string"
    },
    "required": true
  },{
    "name": "organisation_start_date",
    "titles": [ "organisation_start_date" ],
    "dc:title" : "Organisation Start Date",
    "schema:description": "The date on which a provider organisation started delivering services.",
    "schema:dateCreated": "2021-05-18",
    "datatype": {
      "base": "date",
      "format": "dMMyyyy",
      "minimum": "2014-01-01"
    },
    "required": true
  },{
    "name": "organisation_end_date",
    "titles": [ "organisation_end_date" ],
    "dc:title" : "Organisation End Date",
    "schema:description": "The date on which a provider organisation stopped delivering services.",
    "schema:dateCreated": "2021-05-18",
    "datatype": {
      "base": "date",
      "format": "dMMyyyy",
      "minimum": "2014-01-01"
    },
    "required": true
  },{
    "name": "organisation_tags",
    "titles": [ "organisation_tags" ],
    "dc:title" : "Organisation Tags",
    "schema:description": "List of tags for the provider organisation.",
    "schema:disambiguatingDescription": "type/tags.rst",
    "schema:dateCreated": "2021-05-18",
    "datatype": {
      "base": "string"
    },
    "required": false
  }],
  "primaryKey": "organisation_path",
  "foreignKeys": [{
    "columnReference": "organisation_state",
    "reference": {
      "resource": "table/organisation/state.csv",
      "columnReference": "id"
    }
  }, {
    "columnReference": "organisation_type",
    "reference": {
      "resource": "table/organisation/type.csv",
      "columnReference": "id"
    }
  }]
}
